participant_id,name,lob,region,hire_date,employment_status,plan_type,quota_usd,sales_actual_usd,attainment_pct,eligibility_flag,payout_calculated_usd,payout_approved_usd,cycle_month
EMP1000,Kevin Carson,Medicare,Northeast,2025-08-27,Active,Premier,102548.94,112034.72,1.0925,Y,11203.47,11203.47,2024-12
EMP1001,Christian Lewis,PBM,West,2025-05-10,Inactive,Standard,212444.12,201609.47,0.949,N,0.0,0.0,2024-01
EMP1002,Mark Chen,PBM,West,2022-06-30,Active,Premier,81429.73,93212.61,1.1447,Y,9321.26,9321.26,2024-04
EMP1003,Jillian Martinez,Commercial,Midwest,2022-11-15,Active,Standard,100404.09,57973.32,0.5774,Y,0.0,0.0,2024-03
EMP1004,Lisa Hamilton,PBM,Midwest,2025-07-06,Active,Elite,282904.98,159275.5,0.563,Y,0.0,0.0,2024-01
EMP1005,Jessica Smith,PBM,Midwest,2023-10-07,Active,Standard,0.0,0.0,0.0,Y,0.0,0.0,2024-10
EMP1006,Richard Ross,Commercial,Northeast,2019-02-28,Active,Standard,263504.29,166034.05,0.6301,Y,0.0,0.0,2024-04
EMP1007,Katherine Glover,Commercial,Northeast,2024-03-29,Active,Elite,115948.55,93176.25,0.8036,Y,9317.62,9317.62,2024-10
EMP1008,Amy Lara,PBM,Southeast,2022-05-14,Active,Premier,130390.58,68546.33,0.5257,Y,0.0,0.0,2024-11
EMP1009,Aaron Jackson,Commercial,Northeast,2022-11-28,Active,Elite,224196.51,183056.45,0.8165,Y,18305.65,18305.65,2024-04
EMP1010,Jennifer Johnson,Specialty,Southeast,2024-02-19,Active,Standard,137803.15,133352.11,0.9677,Y,13335.21,13335.21,2024-05
EMP1011,Angela Torres,Specialty,Midwest,2024-07-18,Active,Standard,90365.6,53107.86,0.5877,Y,0.0,0.0,2024-04
EMP1012,Debra Smith,Specialty,Central,2018-05-16,Active,Premier,196405.16,250789.75,1.2769,Y,25078.98,25078.98,2024-02
EMP1013,Peter Haynes,Medicare,Northeast,2024-06-01,Active,Elite,154838.6,113775.4,0.7348,Y,11377.54,11377.54,2024-11
EMP1014,Zachary James,Medicare,Midwest,2025-05-16,Active,Standard,217566.04,255270.23,1.1733,Y,25527.02,25527.02,2024-09
EMP1015,Stephanie Ruiz,Medicaid,Southeast,2020-02-03,Active,Standard,196677.81,98437.24,0.5005,Y,0.0,0.0,2024-06
EMP1016,Jessica Edwards,Medicare,Northeast,2021-12-09,Active,Premier,204818.53,115312.83,0.563,Y,0.0,0.0,2024-06
EMP1017,Richard Cunningham,Medicare,Central,2018-04-18,Active,Standard,116327.93,107265.98,0.9221,Y,10726.6,10726.6,2024-03
EMP1018,Tanya Sosa,Medicaid,Central,2021-07-17,Active,Elite,298932.86,304881.62,1.0199,Y,30488.16,30488.16,2024-12
EMP1019,Tara Martin,PBM,West,2024-11-03,Active,Standard,209427.92,143269.64,0.6841,Y,0.0,0.0,2024-02
EMP1020,Kristin Wagner,Medicare,Northeast,2021-05-29,Active,Standard,95588.62,65994.38,0.6904,Y,0.0,0.0,2024-04
EMP1021,Elizabeth Turner,Medicaid,Central,2018-04-19,Active,Elite,183987.63,207482.85,1.1277,Y,20748.29,20748.29,2024-03
EMP1022,Jeffrey Smith,Medicaid,Northeast,2021-08-06,Active,Elite,182745.43,197968.12,1.0833,Y,19796.81,19796.81,2024-02
EMP1023,Robert Sanchez,Medicare,Northeast,2025-06-03,Active,Elite,134704.39,87854.2,0.6522,Y,0.0,0.0,2024-07
EMP1024,Jason Waller,Specialty,Southeast,2021-08-12,Active,Premier,177488.76,211051.88,1.1891,Y,21105.19,21105.19,2024-05
EMP1025,Scott Barry,Medicare,Central,2018-08-21,Active,Standard,116588.44,103588.83,0.8885,Y,10358.88,10358.88,2024-01
EMP1026,Michelle Miller,Specialty,Northeast,2025-04-28,Inactive,Premier,283833.98,320193.11,1.1281,N,0.0,0.0,2024-03
EMP1027,Sara Stevenson,PBM,West,2023-03-24,Active,Standard,207419.66,193688.48,0.9338,Y,19368.85,19368.85,2024-03
EMP1028,Mark Evans,Medicare,Northeast,2025-09-01,Active,Premier,114635.2,145426.21,1.2686,Y,14542.62,14408.18,2024-10
EMP1029,James Miranda,Medicaid,West,2024-07-27,Active,Elite,216263.93,180666.89,0.8354,Y,18066.69,18066.69,2024-02
EMP1030,Jeanette Hill,PBM,Midwest,2021-03-09,Active,Standard,138435.19,83711.76,0.6047,Y,0.0,0.0,2024-05
EMP1031,Jason Holt,Specialty,Midwest,2023-07-03,Active,Standard,299141.22,167100.29,0.5586,Y,0.0,0.0,2024-02
EMP1032,Karen Winters,Commercial,Southeast,2025-02-13,Active,Standard,114704.3,133859.92,1.167,Y,13385.99,13385.99,2024-06
EMP1033,David Shah,PBM,Central,2021-08-21,Active,Elite,225945.52,282680.44,1.2511,Y,28268.04,28268.04,2024-01
EMP1034,Anthony Reynolds,Medicare,Northeast,2020-05-17,Active,Elite,126338.52,97823.92,0.7743,Y,9782.39,9782.39,2024-12
EMP1035,Mary Lara,Commercial,Central,2021-07-26,Active,Premier,100305.66,84146.42,0.8389,Y,8414.64,8414.64,2024-08
EMP1036,Karina Turner,Medicare,Midwest,2023-02-25,Active,Elite,177203.81,188633.46,1.0645,Y,18863.35,18863.35,2024-03
EMP1037,Christina Allen,Medicare,Northeast,2022-01-08,Active,Standard,208152.1,128742.07,0.6185,Y,0.0,0.0,2024-12
EMP1038,Hector Erickson,Commercial,Midwest,2026-01-31,Active,Premier,102614.6,115349.07,1.1241,Y,11534.91,11534.91,2024-01
EMP1039,David Martin,Specialty,Central,2020-07-14,Active,Standard,115750.39,131943.87,1.1399,Y,13194.39,13194.39,2024-12
EMP1040,Jennifer Reese,Specialty,Northeast,2023-09-13,Active,Elite,170576.9,176700.61,1.0359,Y,17670.06,17670.06,2024-03
EMP1041,Randy Dunn,Medicaid,Midwest,2022-09-21,Inactive,Elite,268890.52,182280.88,0.6779,N,0.0,0.0,2024-03
EMP1042,Travis Blair,Specialty,Midwest,2021-09-22,Active,Standard,167662.52,121203.24,0.7229,Y,12120.32,12518.54,2024-05
EMP1043,Jillian Freeman,PBM,West,2020-03-29,Active,Elite,0.0,0.0,0.0,Y,0.0,0.0,2024-11
EMP1044,Adam Robinson,Commercial,Southeast,2021-04-19,Inactive,Premier,156051.16,176197.36,1.1291,N,0.0,0.0,2024-10
EMP1045,Alexander Hamilton,PBM,Northeast,2018-05-01,Active,Elite,0.0,0.0,0.0,Y,0.0,0.0,2024-07
EMP1046,Andrew Carson,PBM,Central,2020-05-04,Active,Elite,123347.73,104228.83,0.845,Y,10422.88,10422.88,2024-11
EMP1047,Amanda Patel,Commercial,Central,2022-01-31,Active,Elite,146070.9,109173.39,0.7474,Y,10917.34,10917.34,2024-06
EMP1048,John Rivers,Specialty,Midwest,2023-09-07,Active,Standard,163411.96,179508.04,1.0985,Y,17950.8,17950.8,2024-09
EMP1049,Sandra Burgess,PBM,Midwest,2022-12-20,Active,Elite,126240.19,142474.68,1.1286,Y,14247.47,14247.47,2024-07
EMP1050,Kathleen Sheppard,Commercial,West,2020-05-26,Active,Premier,254621.79,322834.97,1.2679,Y,32283.5,32283.5,2024-08
EMP1051,Desiree Cochran,Medicare,Midwest,2025-05-05,Active,Elite,260053.16,286292.52,1.1009,Y,28629.25,28629.25,2024-09
EMP1052,Jeanette Brown,Medicaid,Southeast,2024-10-27,Inactive,Standard,214480.27,239102.6,1.1148,N,0.0,0.0,2024-03
EMP1053,Chad Marsh,PBM,Southeast,2020-06-05,Active,Elite,112465.7,118100.23,1.0501,Y,11810.02,11810.02,2024-12
EMP1054,Katie Wilcox,Medicare,West,2019-02-12,Active,Standard,182200.97,172343.9,0.9459,Y,17234.39,17234.39,2024-04
EMP1055,Alexis Villanueva,Medicare,West,2025-10-29,Active,Premier,210999.51,265859.38,1.26,Y,26585.94,26585.94,2024-03
EMP1056,Dr. Brandon Fernandez,PBM,Central,2019-04-05,Active,Elite,269528.88,231821.79,0.8601,Y,23182.18,23182.18,2024-07
EMP1057,Kim Taylor,Commercial,Central,2021-05-17,Active,Elite,236979.87,162947.36,0.6876,Y,0.0,0.0,2024-08
EMP1058,Michelle Rosario,PBM,Northeast,2024-11-28,Active,Standard,235412.21,129806.29,0.5514,Y,0.0,0.0,2024-03
EMP1059,Christopher Benson,PBM,West,2023-09-05,Active,Standard,279064.47,269939.06,0.9673,Y,26993.91,26993.91,2024-07
EMP1060,Mr. Cory Morris DDS,PBM,West,2020-10-10,Active,Standard,165797.06,201161.57,1.2133,Y,20116.16,20116.16,2024-08
EMP1061,Alyssa King,PBM,Central,2024-02-14,Active,Standard,186841.24,151546.93,0.8111,Y,15154.69,15154.69,2024-10
EMP1062,Cheryl Walker,Specialty,Southeast,2022-09-25,Active,Standard,279524.35,272116.95,0.9735,Y,27211.7,27211.7,2024-08
EMP1063,Stephen Mays,Medicare,West,2024-08-05,Active,Premier,152017.59,131312.79,0.8638,Y,13131.28,13131.28,2024-03
EMP1064,Steven Moore,Specialty,Midwest,2020-04-29,Active,Premier,244785.34,132600.22,0.5417,Y,0.0,0.0,2024-07
EMP1065,Travis Rodriguez,Medicaid,Northeast,2022-07-16,Active,Standard,123859.35,63948.58,0.5163,Y,0.0,0.0,2024-11
EMP1066,Albert Love,Medicaid,West,2025-05-24,Active,Standard,233882.29,260427.93,1.1135,Y,26042.79,26042.79,2024-11
EMP1067,Brian Fuller,PBM,Northeast,2020-09-29,Inactive,Premier,0.0,0.0,0.0,N,0.0,0.0,2024-03
EMP1068,Melinda Hancock,Specialty,West,2025-12-24,Inactive,Standard,217993.33,126763.12,0.5815,N,0.0,0.0,2024-12
EMP1069,Laura Cox,PBM,Northeast,2021-06-12,Active,Standard,161525.59,146148.35,0.9048,Y,14614.84,14614.84,2024-10
EMP1070,Jennifer Mills,Specialty,West,2024-10-21,Active,Premier,262315.61,279575.98,1.0658,Y,27957.6,27957.6,2024-02
EMP1071,Michael Smith,PBM,Midwest,2023-06-23,Active,Elite,261661.61,254858.41,0.974,Y,25485.84,25485.84,2024-10
EMP1072,Jonathan Quinn,Medicaid,Northeast,2019-02-06,Active,Premier,214272.97,172104.05,0.8032,Y,17210.4,16777.32,2024-05
EMP1073,Justin Smith,Specialty,Southeast,2020-05-21,Active,Premier,234260.43,168901.77,0.721,Y,16890.18,16413.5,2024-06
EMP1074,Richard Chapman,Medicaid,West,2021-12-30,Active,Elite,222098.64,198267.46,0.8927,Y,19826.75,19826.75,2024-08
EMP1075,Karla Rollins,Medicare,Midwest,2019-01-29,Active,Premier,207942.23,182698.04,0.8786,Y,18269.8,18269.8,2024-04
EMP1076,Mary Walsh,Specialty,Central,2019-04-17,Active,Premier,135308.81,80711.71,0.5965,Y,0.0,0.0,2024-06
EMP1077,Jason Sanders,Medicare,Central,2022-10-24,Active,Standard,140829.92,136844.43,0.9717,Y,13684.44,13684.44,2024-12
EMP1078,Robert Bradford,PBM,Midwest,2024-10-11,Active,Standard,146498.87,156226.39,1.0664,Y,15622.64,15622.64,2024-02
EMP1079,Paige Thomas,Medicare,Northeast,2024-12-22,Active,Premier,271061.46,241976.57,0.8927,Y,24197.66,24197.66,2024-09
EMP1080,Preston Cooper,PBM,Midwest,2018-06-23,Active,Premier,91302.88,114393.38,1.2529,Y,11439.34,11439.34,2024-08
EMP1081,Lisa Stein,Medicare,West,2025-02-13,Active,Standard,113379.94,130262.21,1.1489,Y,13026.22,13026.22,2024-08
EMP1082,Taylor Ruiz,Medicare,Southeast,2023-11-24,Active,Elite,253962.98,172821.81,0.6805,Y,0.0,0.0,2024-02
EMP1083,Ashley Williams,Specialty,West,2018-08-28,Active,Elite,216626.01,213961.51,0.9877,Y,21396.15,21396.15,2024-05
EMP1084,Christine Hendricks,Medicaid,Southeast,2024-02-28,Inactive,Elite,201438.29,125939.22,0.6252,N,0.0,0.0,2024-05
EMP1085,Pamela Brock,PBM,West,2023-10-05,Active,Standard,234657.26,202556.15,0.8632,Y,20255.62,20255.62,2024-05
EMP1086,Joshua Rios,Commercial,Central,2022-02-13,Active,Standard,222479.64,272915.77,1.2267,Y,27291.58,27291.58,2024-11
EMP1087,Lawrence Cardenas,Medicare,Northeast,2023-01-17,Active,Premier,282662.36,240630.47,0.8513,Y,24063.05,24063.05,2024-03
EMP1088,Michael Williams,Commercial,West,2021-03-30,Active,Elite,211568.07,256314.72,1.2115,Y,25631.47,25631.47,2024-05
EMP1089,Robert Smith,PBM,Midwest,2020-02-10,Active,Standard,269313.71,261153.5,0.9697,Y,26115.35,26509.73,2024-01
EMP1090,Holly Medina DDS,PBM,Northeast,2018-08-05,Active,Premier,141194.45,183213.92,1.2976,Y,18321.39,18321.39,2024-03
EMP1091,Lori Bender,Specialty,Northeast,2026-01-13,Active,Premier,103011.97,64763.63,0.6287,Y,0.0,0.0,2024-08
EMP1092,Jenna Morgan,Specialty,Midwest,2023-05-16,Active,Premier,180061.7,135334.37,0.7516,Y,13533.44,13533.44,2024-11
EMP1093,Dustin Peck,Specialty,Central,2024-01-08,Active,Elite,91924.9,84092.9,0.9148,Y,8409.29,8409.29,2024-01
EMP1094,Kimberly Gibson,Specialty,West,2019-07-10,Active,Standard,143366.41,172713.51,1.2047,Y,17271.35,17271.35,2024-01
EMP1095,Brian White,Medicare,Central,2024-05-14,Active,Elite,201495.31,115779.21,0.5746,Y,0.0,0.0,2024-04
EMP1096,Carol Shelton,Medicare,West,2022-10-22,Active,Elite,237652.73,215574.79,0.9071,Y,21557.48,21557.48,2024-02
EMP1097,Brenda Brooks,Specialty,West,2018-12-11,Active,Premier,282810.99,256396.44,0.9066,Y,25639.64,25639.64,2024-04
EMP1098,Anthony Caldwell,Medicare,Midwest,2023-10-22,Active,Premier,260520.88,189216.32,0.7263,Y,18921.63,18921.63,2024-07
EMP1099,Susan Stewart,PBM,Central,2022-10-16,Active,Premier,186555.1,142901.21,0.766,Y,14290.12,14290.12,2024-11
EMP1100,Jennifer Rowe,Specialty,West,2019-12-28,Active,Standard,164253.59,194607.65,1.1848,Y,19460.76,19460.76,2024-06
EMP1101,Sharon Lynn,Commercial,West,2022-05-06,Active,Premier,260564.46,334747.16,1.2847,Y,33474.72,33474.72,2024-12
EMP1102,Michael Thomas,Medicare,Southeast,2018-10-14,Active,Elite,265908.67,154173.85,0.5798,Y,0.0,0.0,2024-09
EMP1103,Thomas Bradley,Medicare,Southeast,2021-11-24,Active,Elite,0.0,0.0,0.0,Y,0.0,0.0,2024-07
EMP1104,Megan Murphy,Commercial,Midwest,2019-12-24,Active,Elite,152284.43,158299.66,1.0395,Y,15829.97,15829.97,2024-10
EMP1105,Timothy Giles,Commercial,West,2019-01-24,Active,Standard,230567.91,168291.52,0.7299,Y,16829.15,16829.15,2024-09
EMP1106,Travis Orozco,Medicare,West,2024-08-21,Active,Elite,116600.25,86237.54,0.7396,Y,8623.75,8427.11,2024-02
EMP1107,Ronnie Mitchell,Commercial,Midwest,2023-11-23,Inactive,Premier,204504.17,231907.73,1.134,N,0.0,0.0,2024-06
EMP1108,Kayla Burns,Medicare,Central,2020-08-05,Active,Elite,208294.57,142848.42,0.6858,Y,0.0,0.0,2024-07
EMP1109,Joshua Gomez,Specialty,Midwest,2026-02-03,Active,Standard,143278.97,134295.38,0.9373,Y,13429.54,13904.95,2024-11
EMP1110,Deborah Hughes,Specialty,Midwest,2020-09-25,Active,Premier,186305.77,128513.72,0.6898,Y,0.0,0.0,2024-08
EMP1111,Lisa Gross,PBM,Midwest,2025-04-17,Inactive,Premier,167077.26,84624.63,0.5065,N,0.0,0.0,2024-12
EMP1112,Dana Cantu,Medicare,Central,2023-01-07,Active,Premier,250663.02,171478.57,0.6841,Y,0.0,0.0,2024-12
EMP1113,Alan Clark,Medicaid,Southeast,2022-11-01,Active,Premier,225019.94,263430.84,1.1707,Y,26343.08,26343.08,2024-10
EMP1114,Miss Amanda Shelton,Medicare,Midwest,2021-07-14,Active,Standard,99829.34,73484.38,0.7361,Y,7348.44,7348.44,2024-08
EMP1115,Regina Valdez,Medicaid,Southeast,2021-08-14,Active,Elite,190394.85,136703.5,0.718,Y,13670.35,13670.35,2024-03
EMP1116,Jennifer Davis,Specialty,Midwest,2021-09-05,Active,Premier,96565.86,106541.11,1.1033,Y,10654.11,10654.11,2024-12
EMP1117,Kellie Moody,Specialty,Central,2025-05-16,Active,Standard,0.0,0.0,0.0,Y,0.0,0.0,2024-06
EMP1118,Joseph Williams,Specialty,Midwest,2021-07-26,Active,Elite,260931.81,326738.81,1.2522,Y,32673.88,32673.88,2024-11
EMP1119,Lori Koch,Medicaid,West,2020-03-25,Active,Elite,281356.3,190506.35,0.6771,Y,0.0,420.91,2024-01
EMP1120,Daniel Church,Specialty,Northeast,2022-02-02,Active,Standard,188377.42,108844.47,0.5778,Y,0.0,0.0,2024-03
EMP1121,Kayla Shaffer,Medicaid,West,2023-04-19,Active,Premier,288114.3,240661.87,0.8353,Y,24066.19,24066.19,2024-08
EMP1122,Brian Rogers,Medicaid,West,2020-01-07,Active,Standard,286591.67,207435.05,0.7238,Y,20743.51,20743.51,2024-11
EMP1123,Joseph Medina,Medicaid,West,2021-10-20,Active,Standard,230849.66,215982.94,0.9356,Y,21598.29,21598.29,2024-08
EMP1124,Michelle Cordova,Commercial,Northeast,2020-01-11,Active,Premier,266567.3,230260.83,0.8638,Y,23026.08,23026.08,2024-07
EMP1125,Jennifer Mcdonald,PBM,Northeast,2023-03-13,Active,Premier,204207.15,113314.55,0.5549,Y,0.0,0.0,2024-01
EMP1126,Angela Bush,Medicaid,Central,2021-08-07,Active,Standard,278116.83,139698.08,0.5023,Y,0.0,0.0,2024-04
EMP1127,Joseph Haynes,Medicaid,Southeast,2025-12-28,Active,Premier,270618.54,163832.46,0.6054,Y,0.0,0.0,2024-09
EMP1128,Carrie Pope,Medicaid,Central,2022-02-06,Active,Standard,0.0,0.0,0.0,Y,0.0,0.0,2024-06
EMP1129,Anthony Stevens,PBM,Northeast,2022-12-11,Active,Standard,192912.35,113278.13,0.5872,Y,0.0,0.0,2024-12
EMP1130,Shawn Edwards,PBM,Northeast,2025-11-20,Active,Elite,292085.76,160267.46,0.5487,Y,0.0,0.0,2024-12
EMP1131,Christopher Rivera,Specialty,West,2021-07-14,Active,Standard,96167.96,54296.43,0.5646,Y,0.0,0.0,2024-11
EMP1132,William Wilson,Medicare,Southeast,2022-12-10,Active,Elite,151540.8,196351.41,1.2957,Y,19635.14,19635.14,2024-05
EMP1133,Lisa Mcintyre,Specialty,Central,2019-12-13,Inactive,Premier,267614.4,273154.02,1.0207,N,0.0,0.0,2024-10
EMP1134,Miranda Morris,Medicaid,West,2023-01-26,Active,Standard,167720.64,181758.86,1.0837,Y,18175.89,18175.89,2024-08
EMP1135,Sarah Cunningham,Commercial,Midwest,2021-10-29,Active,Standard,100069.45,56869.47,0.5683,Y,0.0,0.0,2024-06
EMP1136,Lisa Davis,Commercial,Southeast,2020-08-07,Active,Standard,152522.12,91177.72,0.5978,Y,0.0,0.0,2024-09
EMP1137,Jennifer Johnston,Specialty,Northeast,2020-01-07,Active,Elite,191630.76,119539.27,0.6238,Y,0.0,0.0,2024-05
EMP1138,Rhonda Jones,Medicare,Midwest,2024-05-06,Inactive,Premier,129755.0,109422.39,0.8433,N,0.0,0.0,2024-09
EMP1139,Felicia Pearson,PBM,Central,2024-07-21,Active,Elite,224722.87,237037.68,1.0548,Y,23703.77,23877.47,2024-11
EMP1140,Jessica Ellis,Commercial,Midwest,2019-07-25,Active,Standard,168172.56,103173.87,0.6135,Y,0.0,0.0,2024-01
EMP1141,Arthur Avery,Medicare,Northeast,2024-09-01,Active,Elite,154997.12,123377.71,0.796,Y,12337.77,12337.77,2024-12
EMP1142,Michael Rodgers,PBM,Central,2025-06-13,Active,Standard,90947.75,51412.76,0.5653,Y,0.0,0.0,2024-02
EMP1143,Olivia Yoder,Specialty,West,2020-05-26,Active,Premier,192716.19,149567.04,0.7761,Y,14956.7,14956.7,2024-10
EMP1144,Antonio Romero,PBM,West,2021-03-10,Active,Elite,296578.04,161279.14,0.5438,Y,0.0,0.0,2024-09
EMP1145,Kerry Brown,Medicaid,Southeast,2023-01-29,Active,Premier,0.0,0.0,0.0,Y,0.0,0.0,2024-05
EMP1146,Yvonne Johnson,Medicaid,Southeast,2024-03-22,Active,Elite,263337.92,301521.92,1.145,Y,30152.19,29714.26,2024-07
EMP1147,Thomas Evans,Specialty,Northeast,2025-01-28,Active,Standard,206147.93,220083.53,1.0676,Y,22008.35,22008.35,2024-08
EMP1148,Nicholas Dawson,Medicare,West,2024-09-05,Active,Premier,181221.32,190590.46,1.0517,Y,19059.05,19059.05,2024-01
EMP1149,Claire Cook,Specialty,Northeast,2018-09-28,Active,Premier,167068.67,125000.78,0.7482,Y,12500.08,12500.08,2024-04
EMP1150,Phillip Fuller,Commercial,Southeast,2022-10-26,Active,Elite,122658.82,137500.54,1.121,Y,13750.05,13750.05,2024-02
EMP1151,David Malone,Medicaid,Southeast,2020-06-18,Active,Standard,113631.35,125823.99,1.1073,Y,12582.4,13060.53,2024-02
EMP1152,Rebecca Smith,Specialty,Central,2021-08-07,Active,Premier,221458.2,285503.91,1.2892,Y,28550.39,28550.39,2024-10
EMP1153,Crystal Jefferson,Commercial,Southeast,2018-10-24,Active,Standard,255192.53,248327.85,0.9731,Y,24832.79,24832.79,2024-08
EMP1154,James Bailey,Medicare,Midwest,2021-05-27,Inactive,Premier,143156.95,145404.51,1.0157,N,0.0,0.0,2024-08
EMP1155,Michael Jackson,Medicare,Central,2026-04-06,Active,Elite,289930.92,316343.63,1.0911,Y,31634.36,31175.2,2024-10
EMP1156,Kari Smith,Commercial,Central,2020-10-07,Active,Elite,0.0,0.0,0.0,Y,0.0,0.0,2024-08
EMP1157,Nicole Hall,Commercial,Northeast,2023-12-19,Active,Elite,176306.82,150125.26,0.8515,Y,15012.53,15012.53,2024-09
EMP1158,Kevin Martinez,Medicaid,Midwest,2022-11-27,Active,Premier,229357.5,124288.83,0.5419,Y,0.0,0.0,2024-06
EMP1159,Joshua Terrell,Commercial,Northeast,2019-12-17,Active,Standard,135439.07,159994.17,1.1813,Y,15999.42,15999.42,2024-06
EMP1160,Robert Anderson,PBM,Southeast,2024-01-10,Active,Standard,156960.57,199999.16,1.2742,Y,19999.92,19999.92,2024-06
EMP1161,Stephanie Murphy,Specialty,Southeast,2021-11-09,Active,Elite,162869.45,184579.95,1.1333,Y,18458.0,18458.0,2024-10
EMP1162,Gregory Watkins,PBM,Northeast,2021-10-10,Active,Elite,159771.49,102924.79,0.6442,Y,0.0,0.0,2024-11
EMP1163,Madison Castillo,Specialty,Southeast,2020-05-19,Active,Standard,253386.44,229618.79,0.9062,Y,22961.88,22961.88,2024-04
EMP1164,Laura Young,PBM,Northeast,2025-09-09,Active,Premier,211394.22,131783.16,0.6234,Y,0.0,0.0,2024-11
EMP1165,Megan Brown,PBM,Southeast,2024-02-18,Inactive,Premier,238308.85,304010.6,1.2757,N,0.0,0.0,2024-12
EMP1166,Erin Huerta,Specialty,Southeast,2021-11-05,Active,Standard,183183.43,213976.56,1.1681,Y,21397.66,21397.66,2024-09
EMP1167,Lisa Evans,PBM,West,2020-12-23,Active,Premier,172105.38,108357.55,0.6296,Y,0.0,0.0,2024-08
EMP1168,James Diaz,PBM,Southeast,2023-10-19,Active,Standard,201998.96,117583.59,0.5821,Y,0.0,0.0,2024-05
EMP1169,Chelsea Francis,Medicare,Midwest,2022-03-01,Active,Standard,112416.7,95554.19,0.85,Y,9555.42,9555.42,2024-02
EMP1170,Connie Simon,Medicaid,West,2021-10-29,Active,Standard,162271.53,131261.44,0.8089,Y,13126.14,13277.96,2024-06
EMP1171,Tricia Lozano,Medicare,Midwest,2025-05-01,Inactive,Standard,183940.09,214271.81,1.1649,N,0.0,0.0,2024-03
EMP1172,Matthew Young,Specialty,West,2025-02-13,Active,Standard,0.0,0.0,0.0,Y,0.0,0.0,2024-10
EMP1173,Steven Watson,Medicaid,Central,2023-06-03,Active,Elite,143382.35,106231.98,0.7409,Y,10623.2,10862.7,2024-12
EMP1174,Tyler Hunter,Medicare,Northeast,2025-09-08,Active,Elite,206510.44,221957.42,1.0748,Y,22195.74,22195.74,2024-08
EMP1175,Sophia Nelson,Medicare,Central,2023-12-09,Active,Standard,227007.28,208574.29,0.9188,Y,20857.43,20857.43,2024-06
EMP1176,Bryan Olson,PBM,Central,2020-10-03,Active,Elite,183429.72,184988.87,1.0085,Y,18498.89,18498.89,2024-09
EMP1177,Jamie Delgado,Commercial,Northeast,2025-06-29,Active,Standard,218216.53,243791.51,1.1172,Y,24379.15,24379.15,2024-06
EMP1178,Eric Long,Commercial,Southeast,2019-09-27,Active,Premier,118519.61,133133.08,1.1233,Y,13313.31,13313.31,2024-01
EMP1179,Matthew Morrison,Specialty,Southeast,2019-05-22,Active,Standard,88136.43,58284.62,0.6613,Y,0.0,0.0,2024-03
EMP1180,Kenneth Mason,Medicare,Midwest,2021-12-06,Active,Elite,184147.95,97469.51,0.5293,Y,0.0,0.0,2024-05
EMP1181,Anthony Brown,Commercial,Midwest,2020-04-02,Active,Elite,160964.22,195024.25,1.2116,Y,19502.42,19502.42,2024-01
EMP1182,Sharon Hurley,Specialty,Midwest,2022-08-10,Active,Premier,255403.99,182205.21,0.7134,Y,18220.52,18462.12,2024-03
EMP1183,Stefanie Chavez,PBM,Southeast,2023-11-09,Active,Premier,225402.23,167969.74,0.7452,Y,16796.97,16796.97,2024-09
EMP1184,Marilyn Frye,Specialty,Southeast,2020-01-30,Active,Premier,0.0,0.0,0.0,Y,0.0,0.0,2024-12
EMP1185,Gilbert Lee,Commercial,Central,2018-04-15,Active,Premier,92618.77,96036.4,1.0369,Y,9603.64,9603.64,2024-07
EMP1186,Brian Robinson,PBM,Southeast,2025-03-29,Active,Standard,176398.02,106015.21,0.601,Y,0.0,0.0,2024-01
EMP1187,Debra Mccoy,Commercial,Midwest,2025-04-22,Inactive,Elite,178982.97,142613.63,0.7968,N,0.0,0.0,2024-07
EMP1188,Sarah Cooper,Medicare,Central,2018-11-06,Active,Elite,141311.75,179239.82,1.2684,Y,17923.98,18058.52,2024-03
EMP1189,Philip Ramsey,PBM,Northeast,2021-04-29,Active,Premier,214612.98,226459.62,1.0552,Y,22645.96,22645.96,2024-05
EMP1190,Suzanne Flores,Medicaid,Northeast,2025-08-22,Active,Standard,177924.46,101452.53,0.5702,Y,0.0,0.0,2024-03
EMP1191,Gina Miller,Commercial,Midwest,2019-06-06,Active,Standard,145990.47,91390.03,0.626,Y,0.0,0.0,2024-12
EMP1192,Christopher Mclaughlin,Medicaid,Midwest,2024-06-20,Inactive,Standard,110552.91,125179.06,1.1323,N,0.0,299.76,2024-09
EMP1193,Susan Robinson,Specialty,Central,2022-03-07,Active,Elite,0.0,0.0,0.0,Y,0.0,0.0,2024-03
EMP1194,Travis Brown,Specialty,Central,2023-07-02,Active,Premier,0.0,0.0,0.0,Y,0.0,0.0,2024-07
EMP1195,Mark Booker,Medicare,West,2020-01-23,Active,Elite,262391.82,246910.7,0.941,Y,24691.07,24691.07,2024-08
EMP1196,Christine Curry,Medicaid,West,2022-05-26,Active,Standard,146907.4,92492.9,0.6296,Y,0.0,0.0,2024-09
EMP1197,Michael Kim,Medicaid,Midwest,2019-08-01,Active,Premier,219712.56,206683.61,0.9407,Y,20668.36,20668.36,2024-09
EMP1198,Mrs. Jessica Carter,Commercial,Central,2019-08-24,Active,Standard,287153.54,179011.52,0.6234,Y,0.0,0.0,2024-09
EMP1199,Steven Crawford,PBM,Midwest,2018-10-27,Active,Standard,0.0,0.0,0.0,Y,0.0,339.01,2024-10
EMP1200,Scott Jones,Medicaid,Central,2022-08-07,Active,Elite,217976.08,159493.1,0.7317,Y,15949.31,15949.31,2024-07
EMP1201,Melissa Hunter,Specialty,Southeast,2023-01-11,Active,Premier,0.0,0.0,0.0,Y,0.0,248.38,2024-11
EMP1202,Kevin Mayer,Specialty,Southeast,2025-01-17,Inactive,Elite,150249.61,193882.1,1.2904,N,0.0,0.0,2024-06
EMP1203,Tamara Schultz,Specialty,Southeast,2024-01-09,Active,Elite,182623.96,130393.51,0.714,Y,13039.35,13039.35,2024-06
EMP1204,Alicia Daniels,Medicare,Northeast,2022-08-09,Active,Premier,291790.89,356510.11,1.2218,Y,35651.01,35651.01,2024-05
EMP1205,Catherine Love,PBM,Midwest,2018-06-23,Active,Standard,189727.14,141688.23,0.7468,Y,14168.82,14644.23,2024-04
EMP1206,Dan Moore,Medicaid,Southeast,2020-12-21,Inactive,Premier,211454.13,248310.58,1.1743,N,0.0,0.0,2024-10
EMP1207,Richard Bartlett,Commercial,Central,2021-08-15,Active,Standard,240051.77,266721.52,1.1111,Y,26672.15,26672.15,2024-01
EMP1208,Shannon Downs,Specialty,Northeast,2025-07-03,Active,Elite,96176.98,86886.28,0.9034,Y,8688.63,8688.63,2024-10
EMP1209,Joshua Underwood,Commercial,Central,2020-02-28,Inactive,Elite,166658.82,189307.75,1.1359,N,0.0,0.0,2024-11
EMP1210,Alexander Johnson,Commercial,Southeast,2022-06-08,Active,Elite,89966.74,54843.72,0.6096,Y,0.0,0.0,2024-04
EMP1211,Todd Weaver,Specialty,Central,2022-08-20,Active,Standard,152152.49,150707.04,0.9905,Y,15070.7,15070.7,2024-08
EMP1212,Peter Beard,PBM,Midwest,2020-01-12,Active,Premier,187766.26,178434.28,0.9503,Y,17843.43,17843.43,2024-10
EMP1213,Laura Rosario,Medicare,Midwest,2020-03-04,Inactive,Elite,147689.12,180033.04,1.219,N,0.0,0.0,2024-06
EMP1214,Gene Boyle,Medicare,Central,2024-02-21,Active,Premier,250755.65,241252.01,0.9621,Y,24125.2,24125.2,2024-08
EMP1215,Morgan Maddox,PBM,West,2024-06-19,Active,Elite,265056.77,163858.1,0.6182,Y,0.0,0.0,2024-03
EMP1216,Christina Barrera,Medicare,Central,2025-12-14,Active,Standard,172131.67,142938.14,0.8304,Y,14293.81,14293.81,2024-12
EMP1217,Ashley Green,PBM,Central,2019-05-08,Active,Elite,194110.31,184152.45,0.9487,Y,18415.25,18415.25,2024-08
EMP1218,Lisa Keith,Specialty,Central,2021-04-30,Active,Premier,197287.95,184858.81,0.937,Y,18485.88,18485.88,2024-07
EMP1219,Brittany Dixon,Commercial,Central,2019-02-27,Active,Standard,145669.82,182553.42,1.2532,Y,18255.34,18255.34,2024-08
EMP1220,Mrs. Jordan Smith,Commercial,Southeast,2021-07-26,Active,Elite,203307.27,253646.15,1.2476,Y,25364.62,25364.62,2024-12
EMP1221,Tina Merritt,Commercial,Northeast,2026-02-08,Active,Elite,166797.14,129451.26,0.7761,Y,12945.13,12945.13,2024-10
EMP1222,Mary Mccann,Medicaid,Midwest,2021-02-11,Active,Premier,0.0,0.0,0.0,Y,0.0,0.0,2024-01
EMP1223,Tara Miller,Commercial,West,2018-09-22,Active,Standard,203643.96,146073.81,0.7173,Y,14607.38,14607.38,2024-04
EMP1224,Amanda Allen,PBM,Southeast,2023-12-10,Active,Standard,220347.81,119428.51,0.542,Y,0.0,0.0,2024-04
EMP1225,Norma Simpson,Specialty,Northeast,2023-11-08,Inactive,Standard,284401.93,234773.79,0.8255,N,0.0,0.0,2024-11
EMP1226,Melissa Howell,Specialty,West,2025-10-18,Active,Standard,142791.38,78149.72,0.5473,Y,0.0,0.0,2024-11
EMP1227,Michael Good,PBM,Southeast,2020-12-28,Active,Elite,280910.54,179810.84,0.6401,Y,0.0,0.0,2024-09
EMP1228,Lacey Mejia,Medicaid,Northeast,2020-07-14,Active,Premier,271903.95,198924.93,0.7316,Y,19892.49,19707.51,2024-07
EMP1229,James Riley,Commercial,Midwest,2020-06-28,Active,Elite,286483.31,338279.49,1.1808,Y,33827.95,33827.95,2024-08
EMP1230,Lawrence Garcia,Medicaid,Northeast,2024-03-18,Active,Standard,238091.6,121736.24,0.5113,Y,0.0,0.0,2024-06
EMP1231,Ian Collins,Commercial,Central,2023-11-09,Active,Standard,277349.41,322169.07,1.1616,Y,32216.91,32216.91,2024-11
EMP1232,Richard Nelson,Medicare,West,2018-06-16,Active,Standard,151192.37,105592.75,0.6984,Y,0.0,0.0,2024-11
EMP1233,Edward Roberts,Medicaid,West,2023-09-10,Active,Premier,82515.86,84405.47,1.0229,Y,8440.55,8440.55,2024-05
EMP1234,Tanya Evans,Medicare,Northeast,2019-06-04,Active,Premier,283083.32,342587.43,1.2102,Y,34258.74,34258.74,2024-08
EMP1235,Christopher Ponce,Medicare,Midwest,2025-08-03,Active,Elite,185200.02,160012.82,0.864,Y,16001.28,16001.28,2024-06
EMP1236,Lucas Gallegos,Commercial,West,2025-07-23,Active,Elite,256438.9,297597.34,1.1605,Y,29759.73,29759.73,2024-12
EMP1237,Ronald Knight,PBM,Northeast,2020-12-07,Active,Premier,281793.84,166202.01,0.5898,Y,0.0,0.0,2024-09
EMP1238,Nina Martinez,PBM,Southeast,2020-12-30,Inactive,Elite,194475.14,115323.76,0.593,N,0.0,0.0,2024-10
EMP1239,Antonio Shaffer,PBM,West,2025-09-17,Active,Elite,0.0,0.0,0.0,Y,0.0,0.0,2024-02
EMP1240,Barbara Woods,Specialty,West,2019-04-11,Active,Standard,147797.3,76470.32,0.5174,Y,0.0,0.0,2024-10
EMP1241,Zoe Sims,Medicare,Southeast,2021-03-28,Inactive,Standard,94027.18,121793.41,1.2953,N,0.0,0.0,2024-10
EMP1242,Kaitlyn Morrison,Medicare,West,2025-06-13,Active,Premier,248482.09,318727.98,1.2827,Y,31872.8,31872.8,2024-01
EMP1243,Heather Hale,Specialty,Midwest,2021-12-23,Active,Premier,162642.02,170156.08,1.0462,Y,17015.61,17015.61,2024-07
EMP1244,David Abbott,PBM,Southeast,2023-09-30,Inactive,Premier,166472.9,100200.04,0.6019,N,0.0,0.0,2024-11
EMP1245,Nicholas Davis,Medicare,Northeast,2025-05-12,Active,Premier,197025.39,228293.32,1.1587,Y,22829.33,22829.33,2024-05
EMP1246,Kathleen Short,Commercial,Southeast,2021-01-08,Active,Standard,104825.82,120298.11,1.1476,Y,12029.81,12029.81,2024-05
EMP1247,Zachary Smith,Medicare,Southeast,2023-03-31,Inactive,Standard,0.0,0.0,0.0,N,0.0,0.0,2024-04
EMP1248,Sarah Brown,Medicare,Southeast,2023-12-13,Active,Standard,127799.23,152208.88,1.191,Y,15220.89,15498.14,2024-12
EMP1249,Melanie Campbell,Medicaid,Central,2023-06-02,Active,Elite,150546.33,111615.05,0.7414,Y,11161.51,11161.51,2024-06
EMP1250,Joseph Brown,PBM,Southeast,2022-09-17,Active,Premier,210166.77,228703.48,1.0882,Y,22870.35,22870.35,2024-07
EMP1251,Ashley Schmidt,Specialty,Central,2024-04-26,Active,Standard,227695.36,256976.98,1.1286,Y,25697.7,25697.7,2024-08
EMP1252,Marcus Hicks,Specialty,West,2024-06-27,Active,Premier,184174.14,217233.4,1.1795,Y,21723.34,21723.34,2024-03
EMP1253,Taylor Morrow,Medicaid,West,2021-12-22,Active,Elite,196598.2,159382.16,0.8107,Y,15938.22,15938.22,2024-01
EMP1254,Maria Johnston,Commercial,Northeast,2019-03-21,Inactive,Premier,121905.96,87138.38,0.7148,N,0.0,0.0,2024-08
EMP1255,David Davies,PBM,Northeast,2020-04-22,Active,Standard,227719.11,153391.59,0.6736,Y,0.0,0.0,2024-02
EMP1256,Javier Powers,Commercial,Midwest,2024-06-21,Active,Standard,105809.56,137520.69,1.2997,Y,13752.07,13752.07,2024-01
EMP1257,Jennifer Stuart,Medicaid,Central,2021-11-04,Active,Standard,150755.3,109508.65,0.7264,Y,10950.86,10950.86,2024-12
EMP1258,Jennifer Wilson,Commercial,Midwest,2025-08-12,Active,Premier,101693.81,130686.72,1.2851,Y,13068.67,13068.67,2024-05
EMP1259,Samantha Garner,Commercial,Southeast,2025-10-23,Active,Premier,128680.3,79357.14,0.6167,Y,0.0,0.0,2024-06
EMP1260,Jennifer Rosales,PBM,Central,2021-09-27,Active,Premier,130604.1,124831.4,0.9558,Y,12483.14,12483.14,2024-12
EMP1261,Jasmine Davis,PBM,Midwest,2022-04-27,Active,Premier,187931.03,119261.03,0.6346,Y,0.0,0.0,2024-05
EMP1262,Heather Crawford,Medicaid,Southeast,2025-03-06,Active,Elite,199270.11,201940.33,1.0134,Y,20194.03,20127.84,2024-12
EMP1263,Paul Porter,Medicare,Northeast,2025-11-28,Active,Standard,235577.3,119508.36,0.5073,Y,0.0,0.0,2024-07
EMP1264,Robert Perez,Commercial,Northeast,2019-12-20,Active,Elite,186304.91,165867.26,0.8903,Y,16586.73,16288.04,2024-10
EMP1265,Dr. Jessica Roberts,Medicare,Central,2024-04-02,Active,Premier,190487.53,201592.95,1.0583,Y,20159.3,20159.3,2024-12
EMP1266,Amanda Reyes,Medicaid,Northeast,2023-07-12,Inactive,Elite,195820.32,225624.17,1.1522,N,0.0,0.0,2024-02
EMP1267,Yesenia Whitney,Specialty,Northeast,2024-10-02,Active,Premier,233391.99,172710.07,0.74,Y,17271.01,17271.01,2024-06
EMP1268,James Mejia,Medicare,Northeast,2023-03-13,Active,Premier,92345.29,46874.47,0.5076,Y,0.0,0.0,2024-02
EMP1269,Timothy Vasquez,Specialty,West,2020-04-25,Active,Premier,100979.6,93153.68,0.9225,Y,9315.37,9461.3,2024-11
EMP1270,Joseph Hooper,Commercial,Northeast,2021-11-09,Active,Elite,203972.17,107350.55,0.5263,Y,0.0,0.0,2024-02
EMP1271,Alexandria Decker,Commercial,Northeast,2023-02-11,Inactive,Elite,260598.53,323950.03,1.2431,N,0.0,0.0,2024-04
EMP1272,Nancy Sampson,PBM,Southeast,2018-08-22,Active,Premier,164446.17,179542.33,1.0918,Y,17954.23,17954.23,2024-10
EMP1273,Daniel Taylor,Medicare,Central,2018-10-23,Inactive,Premier,264508.42,204332.75,0.7725,N,0.0,0.0,2024-12
EMP1274,Ashley Anderson,PBM,West,2021-10-30,Active,Standard,179121.04,122250.11,0.6825,Y,0.0,0.0,2024-06
EMP1275,Briana Hodge,Specialty,West,2022-10-31,Active,Elite,249876.83,183984.31,0.7363,Y,18398.43,18398.43,2024-03
EMP1276,Desiree Stewart,Medicare,Northeast,2022-10-31,Active,Standard,113940.92,92485.84,0.8117,Y,9248.58,9248.58,2024-05
EMP1277,Kristen Cortez,Medicare,Northeast,2019-02-16,Active,Premier,109151.54,70937.59,0.6499,Y,0.0,0.0,2024-05
EMP1278,Jennifer Duffy,PBM,Central,2023-06-06,Inactive,Standard,100474.14,98303.9,0.9784,N,0.0,0.0,2024-07
EMP1279,Nathaniel Shannon,Specialty,Northeast,2018-09-20,Active,Premier,278249.93,340633.56,1.2242,Y,34063.36,34063.36,2024-05
EMP1280,Andrew Gibbs,PBM,Central,2024-08-12,Active,Elite,146248.88,130819.62,0.8945,Y,13081.96,13328.13,2024-03
EMP1281,Karen Williams,Commercial,West,2025-05-16,Active,Premier,217507.41,212069.72,0.975,Y,21206.97,21206.97,2024-02
EMP1282,Juan Wilson,Medicare,Southeast,2022-11-21,Active,Standard,216442.28,247458.46,1.1433,Y,24745.85,24745.85,2024-05
EMP1283,Christopher Wilson,Commercial,West,2021-06-03,Inactive,Elite,288401.36,190546.78,0.6607,N,0.0,0.0,2024-11
EMP1284,Dr. Brandi Morrison,Specialty,Midwest,2020-10-04,Active,Elite,206693.44,143424.58,0.6939,Y,0.0,0.0,2024-05
EMP1285,David Richards,Specialty,Midwest,2020-05-25,Active,Elite,119583.99,133228.52,1.1141,Y,13322.85,12945.33,2024-02
EMP1286,David Ross,Specialty,Midwest,2025-09-12,Active,Standard,170011.15,152908.03,0.8994,Y,15290.8,15290.8,2024-12
EMP1287,Derek Soto,Medicaid,Midwest,2021-04-04,Active,Standard,96272.33,124441.61,1.2926,Y,12444.16,12444.16,2024-11
EMP1288,Audrey Miller,Specialty,Central,2022-04-01,Active,Elite,0.0,0.0,0.0,Y,0.0,0.0,2024-09
EMP1289,Joseph Rangel,PBM,Central,2019-12-02,Inactive,Standard,226232.66,143227.9,0.6331,N,0.0,0.0,2024-11
EMP1290,Scott Tucker,PBM,West,2020-09-02,Inactive,Premier,128840.24,141402.16,1.0975,N,0.0,0.0,2024-06
EMP1291,Richard Smith,PBM,Southeast,2018-07-10,Active,Premier,209489.79,188624.61,0.9004,Y,18862.46,18862.46,2024-08
EMP1292,Jennifer Barton,Medicare,West,2020-03-09,Active,Premier,105535.25,132182.9,1.2525,Y,13218.29,13218.29,2024-02
EMP1293,John Brady,Commercial,Midwest,2021-12-17,Active,Standard,101477.07,109351.69,1.0776,Y,10935.17,10935.17,2024-08
EMP1294,Stephanie Thompson,Medicare,Midwest,2025-07-26,Inactive,Elite,222553.38,231833.86,1.0417,N,0.0,0.0,2024-01
EMP1295,Jeffrey Duke,Medicaid,Central,2023-12-20,Active,Elite,290861.78,199385.75,0.6855,Y,0.0,0.0,2024-03
EMP1296,Erin Mason,Medicaid,Southeast,2024-02-27,Active,Elite,0.0,0.0,0.0,Y,0.0,0.0,2024-11
EMP1297,David Patel MD,Medicaid,West,2021-10-11,Active,Premier,125272.59,138037.87,1.1019,Y,13803.79,13803.79,2024-10
EMP1298,Karen Miller,Medicare,Central,2025-08-28,Active,Elite,180661.09,128251.31,0.7099,Y,12825.13,12825.13,2024-02
EMP1299,Lisa Wilkins,PBM,Midwest,2024-05-26,Active,Premier,156543.42,184157.68,1.1764,Y,18415.77,18415.77,2024-10
EMP1300,Meagan Johnson,Commercial,Central,2019-12-02,Active,Standard,132486.0,78643.69,0.5936,Y,0.0,0.0,2024-10
EMP1301,Jacob Hendrix,Medicaid,Central,2023-05-03,Active,Premier,173068.53,153909.84,0.8893,Y,15390.98,15390.98,2024-07
EMP1302,Derek Estrada,Medicaid,Central,2024-06-05,Active,Premier,265236.75,264043.18,0.9955,Y,26404.32,26404.32,2024-03
EMP1303,Joseph Young,Medicare,West,2020-07-14,Active,Standard,191196.36,171311.94,0.896,Y,17131.19,17131.19,2024-03
EMP1304,Karen Bradley,Specialty,West,2022-04-10,Inactive,Standard,0.0,0.0,0.0,N,0.0,0.0,2024-08
EMP1305,William Allen,Commercial,Northeast,2026-01-03,Active,Standard,180610.71,197588.12,1.094,Y,19758.81,19758.81,2024-05
EMP1306,Melody Russell,PBM,Central,2022-12-25,Inactive,Elite,261122.22,207200.48,0.7935,N,0.0,0.0,2024-02
EMP1307,Andrew Wade,Medicare,West,2019-02-07,Active,Standard,262615.56,289165.99,1.1011,Y,28916.6,28916.6,2024-09
EMP1308,Shannon Reynolds,Medicare,West,2022-09-05,Active,Premier,270363.9,160569.12,0.5939,Y,0.0,0.0,2024-05
EMP1309,James Clark,Medicaid,Central,2022-06-25,Active,Premier,174196.75,172959.95,0.9929,Y,17296.0,17296.0,2024-12
EMP1310,Kayla Lane,Medicaid,Northeast,2020-12-19,Active,Premier,117043.02,150189.6,1.2832,Y,15018.96,15018.96,2024-10
EMP1311,Michelle Green,PBM,Midwest,2022-08-22,Active,Elite,245020.71,203195.67,0.8293,Y,20319.57,20144.05,2024-09
EMP1312,Kimberly Cowan,Medicaid,Southeast,2025-09-22,Active,Elite,265582.24,216237.06,0.8142,Y,21623.71,21623.71,2024-03
EMP1313,Dr. Steven Smith,Commercial,West,2020-02-04,Inactive,Premier,249154.53,204879.77,0.8223,N,0.0,0.0,2024-07
EMP1314,Luke Webb,Commercial,West,2021-04-24,Active,Premier,266376.81,153033.48,0.5745,Y,0.0,0.0,2024-08
EMP1315,Tracy Sellers,Commercial,Northeast,2018-12-27,Active,Premier,126607.32,90498.91,0.7148,Y,9049.89,9049.89,2024-09
EMP1316,Monica Reeves,Commercial,Central,2023-01-31,Active,Standard,155622.72,162781.37,1.046,Y,16278.14,16373.85,2024-10
EMP1317,Scott Jackson,Medicare,Northeast,2022-08-31,Active,Premier,174115.85,225758.61,1.2966,Y,22575.86,22575.86,2024-03
EMP1318,Robert Brown,Commercial,Southeast,2024-11-30,Active,Standard,161805.63,197888.29,1.223,Y,19788.83,19788.83,2024-05
EMP1319,Adrian Vazquez,Specialty,Midwest,2021-06-09,Active,Elite,100063.82,57646.77,0.5761,Y,0.0,0.0,2024-12
EMP1320,Michael Phelps,Medicare,Southeast,2026-01-20,Active,Standard,81773.77,63366.49,0.7749,Y,6336.65,6336.65,2024-10
EMP1321,Sean Valentine,Specialty,Southeast,2020-06-22,Active,Standard,257310.5,149909.1,0.5826,Y,0.0,0.0,2024-08
EMP1322,Aaron Mcdonald,Commercial,Southeast,2024-09-22,Active,Standard,95050.55,90355.05,0.9506,Y,9035.51,9035.51,2024-07
EMP1323,Susan Vazquez,Medicaid,West,2020-10-23,Active,Elite,282376.71,280371.84,0.9929,Y,28037.18,28037.18,2024-06
EMP1324,Morgan Harris,Medicaid,Northeast,2019-08-06,Active,Standard,164487.02,208997.21,1.2706,Y,20899.72,20899.72,2024-02
EMP1325,Jacob Ramos,Medicaid,Southeast,2019-07-02,Inactive,Elite,212001.73,209054.91,0.9861,N,0.0,0.0,2024-05
EMP1326,Roger Parks,Medicare,Midwest,2023-10-16,Active,Elite,166185.22,168993.75,1.0169,Y,16899.38,16899.38,2024-04
EMP1327,Robert Turner,Medicaid,West,2018-11-23,Active,Standard,95622.64,115799.02,1.211,Y,11579.9,11793.03,2024-07
EMP1328,Tiffany Wilcox DDS,Medicaid,West,2020-06-22,Active,Premier,247799.71,313119.71,1.2636,Y,31311.97,31311.97,2024-10
EMP1329,Michael Kidd,Medicare,Central,2021-10-11,Active,Standard,0.0,0.0,0.0,Y,0.0,405.39,2024-02
EMP1330,Bruce Mcintyre,PBM,West,2021-10-28,Active,Elite,198284.18,123352.59,0.6221,Y,0.0,0.0,2024-07
EMP1331,Samantha Bruce,Medicaid,Central,2024-12-04,Active,Premier,222964.7,226197.69,1.0145,Y,22619.77,22619.77,2024-06
EMP1332,Vincent Huffman,Specialty,Southeast,2021-04-04,Inactive,Standard,179741.81,177423.14,0.9871,N,0.0,0.0,2024-01
EMP1333,Diana Sanders,Medicaid,Northeast,2023-03-19,Inactive,Elite,0.0,0.0,0.0,N,0.0,0.0,2024-01
EMP1334,Kimberly Moran,Commercial,Central,2024-02-25,Active,Elite,244950.8,293647.02,1.1988,Y,29364.7,29364.7,2024-09
EMP1335,Manuel Abbott,Medicare,Northeast,2020-01-10,Active,Premier,0.0,0.0,0.0,Y,0.0,0.0,2024-06
EMP1336,Stacy Preston,PBM,Northeast,2025-05-14,Active,Premier,0.0,0.0,0.0,Y,0.0,0.0,2024-08
EMP1337,Jessica Fox,Medicaid,Midwest,2020-02-17,Active,Premier,228306.49,135225.93,0.5923,Y,0.0,0.0,2024-03
EMP1338,Kevin Mcdonald,Medicare,Northeast,2023-06-12,Inactive,Standard,282449.84,181671.74,0.6432,N,0.0,0.0,2024-01
EMP1339,Patricia Atkinson,Medicare,Central,2021-11-09,Active,Elite,134617.9,165943.49,1.2327,Y,16594.35,16594.35,2024-12
EMP1340,Victor Villarreal,Medicare,Central,2023-11-23,Active,Standard,119455.76,136597.66,1.1435,Y,13659.77,13659.77,2024-06
EMP1341,Anita Arnold,Specialty,Northeast,2019-04-11,Active,Premier,99004.81,85678.76,0.8654,Y,8567.88,8567.88,2024-08
EMP1342,Sean Sanchez,Commercial,Central,2025-02-11,Active,Elite,210172.01,188040.9,0.8947,Y,18804.09,18804.09,2024-05
EMP1343,Nancy Russell,Medicaid,Central,2021-07-12,Inactive,Standard,131259.5,102001.76,0.7771,N,0.0,0.0,2024-04
EMP1344,Philip Hardy,Medicare,Midwest,2020-02-13,Active,Elite,147652.34,98070.68,0.6642,Y,0.0,0.0,2024-01
EMP1345,Stacey Goodwin,Specialty,West,2025-04-25,Active,Standard,282680.37,344248.15,1.2178,Y,34424.82,34424.82,2024-01
EMP1346,Jordan Lowery,Commercial,West,2023-09-21,Active,Standard,220187.45,179562.87,0.8155,Y,17956.29,17956.29,2024-12
EMP1347,Jose Hudson,Medicare,West,2019-01-14,Active,Standard,149301.96,170308.75,1.1407,Y,17030.88,17030.88,2024-11
EMP1348,Vernon Conrad,Commercial,Midwest,2022-10-15,Active,Premier,109944.61,122709.18,1.1161,Y,12270.92,12270.92,2024-08
EMP1349,Brandon Mercer,Medicare,Southeast,2022-08-23,Active,Premier,158823.24,177294.38,1.1163,Y,17729.44,17729.44,2024-08
EMP1350,Jeffrey Hoffman,Specialty,Midwest,2023-07-06,Active,Standard,261805.07,276858.86,1.0575,Y,27685.89,28112.22,2024-02
EMP1351,Thomas Lambert,Medicaid,Northeast,2021-07-14,Active,Standard,90769.14,67087.47,0.7391,Y,6708.75,6708.75,2024-12
EMP1352,Henry Smith,Medicaid,Northeast,2022-06-20,Active,Premier,100839.56,58638.2,0.5815,Y,0.0,0.0,2024-07
EMP1353,Edward Rodriguez,Medicare,Northeast,2022-05-19,Inactive,Standard,161892.74,162572.69,1.0042,N,0.0,0.0,2024-01
EMP1354,Alyssa Tucker,PBM,Central,2023-07-26,Inactive,Standard,0.0,0.0,0.0,N,0.0,0.0,2024-05
EMP1355,Jason Johnson,Specialty,Southeast,2022-07-17,Inactive,Premier,91140.29,112950.16,1.2393,N,0.0,0.0,2024-02
EMP1356,Melissa Cervantes,Specialty,West,2024-12-31,Active,Premier,127237.54,82666.23,0.6497,Y,0.0,0.0,2024-01
EMP1357,Nicholas Smith,Medicaid,Northeast,2021-11-24,Active,Elite,189756.15,228883.87,1.2062,Y,22888.39,22888.39,2024-10
EMP1358,Mrs. Erin Leon,Medicare,Midwest,2020-05-01,Active,Standard,255383.55,178589.72,0.6993,Y,0.0,0.0,2024-07
EMP1359,Bryce Martin,PBM,Northeast,2018-06-07,Active,Elite,186629.49,229572.94,1.2301,Y,22957.29,22957.29,2024-07
EMP1360,Matthew Jensen,Specialty,Midwest,2023-11-28,Active,Standard,277068.25,311092.23,1.1228,Y,31109.22,31605.42,2024-03
EMP1361,Caroline Cox,PBM,Southeast,2024-12-24,Active,Standard,197411.7,223667.46,1.133,Y,22366.75,22366.75,2024-03
EMP1362,Robert Durham,Medicaid,Central,2024-02-02,Active,Premier,118216.65,81474.92,0.6892,Y,0.0,0.0,2024-07
EMP1363,Nathan Mendez,Commercial,Central,2020-09-26,Active,Elite,203993.43,193895.76,0.9505,Y,19389.58,19389.58,2024-01
EMP1364,George Tanner,Specialty,Central,2021-11-17,Active,Standard,131177.14,88544.57,0.675,Y,0.0,0.0,2024-05
EMP1365,Randy Mclaughlin,Medicare,Midwest,2022-08-10,Active,Standard,119041.17,135933.11,1.1419,Y,13593.31,13593.31,2024-10
EMP1366,Michael Morgan,Medicare,Northeast,2021-12-24,Active,Elite,104402.53,96154.73,0.921,Y,9615.47,9615.47,2024-03
EMP1367,Darren West,Medicare,Midwest,2018-07-02,Active,Elite,146388.33,89179.77,0.6092,Y,0.0,0.0,2024-12
EMP1368,Linda Franklin,Specialty,West,2022-08-29,Active,Premier,232583.29,289124.29,1.2431,Y,28912.43,28912.43,2024-11
EMP1369,Billy Matthews,Medicaid,Central,2025-07-15,Active,Premier,108016.64,116992.82,1.0831,Y,11699.28,11699.28,2024-03
EMP1370,Dominique Bradford,PBM,West,2024-04-02,Active,Standard,257937.52,255126.0,0.9891,Y,25512.6,25512.6,2024-10
EMP1371,Susan Riley,Medicare,West,2023-08-21,Active,Premier,296123.52,187831.15,0.6343,Y,0.0,0.0,2024-03
EMP1372,Amber King,Medicare,Midwest,2023-10-12,Active,Standard,94914.85,66943.44,0.7053,Y,6694.34,6694.34,2024-08
EMP1373,Diana Hill,Medicare,Northeast,2025-08-05,Active,Premier,274601.44,245630.99,0.8945,Y,24563.1,24563.1,2024-07
EMP1374,Melissa Thompson,PBM,West,2020-02-19,Active,Premier,246813.58,167956.64,0.6805,Y,0.0,0.0,2024-02
EMP1375,Barry Taylor,Medicare,Midwest,2023-12-05,Active,Premier,155197.8,187835.9,1.2103,Y,18783.59,18783.59,2024-01
EMP1376,Terrence Hickman,Medicare,Central,2019-09-08,Active,Premier,186202.09,97718.86,0.5248,Y,0.0,0.0,2024-02
EMP1377,Lauren Palmer,Medicaid,Central,2022-01-25,Inactive,Standard,294367.65,243559.79,0.8274,N,0.0,0.0,2024-07
EMP1378,Jonathan Fox,PBM,Midwest,2022-05-30,Active,Premier,166438.49,156402.25,0.9397,Y,15640.23,15640.23,2024-11
EMP1379,Stephanie Haney,Medicare,Midwest,2022-06-06,Inactive,Premier,217520.01,192352.94,0.8843,N,0.0,143.92,2024-01
EMP1380,Jason Thomas,Medicare,West,2021-11-13,Active,Premier,276873.05,197133.61,0.712,Y,19713.36,19713.36,2024-02
EMP1381,Kelly Nicholson,Specialty,Southeast,2019-06-25,Active,Premier,137925.11,120270.7,0.872,Y,12027.07,12027.07,2024-06
EMP1382,Scott Hall,Commercial,Central,2019-05-16,Active,Standard,98855.61,76613.1,0.775,Y,7661.31,7661.31,2024-01
EMP1383,Donald Valencia,PBM,Southeast,2025-11-29,Active,Standard,172099.06,159776.77,0.9284,Y,15977.68,15977.68,2024-09
EMP1384,Michael Williams,Specialty,Central,2019-12-05,Active,Premier,267866.76,141380.08,0.5278,Y,0.0,0.0,2024-04
EMP1385,Jacqueline Pittman,PBM,Central,2022-12-15,Inactive,Elite,178788.74,225130.78,1.2592,N,0.0,0.0,2024-11
EMP1386,Christopher Martin,Medicaid,Southeast,2022-03-06,Active,Standard,175786.51,228135.73,1.2978,Y,22813.57,22813.57,2024-03
EMP1387,Danielle Porter,PBM,Midwest,2025-01-17,Active,Elite,0.0,0.0,0.0,Y,0.0,0.0,2024-06
EMP1388,Daniel Sandoval,Specialty,Central,2019-10-17,Active,Premier,82720.04,87708.06,1.0603,Y,8770.81,8770.81,2024-06
EMP1389,Jeffrey Oliver,Specialty,Northeast,2025-12-31,Inactive,Standard,246843.03,308973.42,1.2517,N,0.0,0.0,2024-07
EMP1390,Lisa Ellison,PBM,Northeast,2022-04-04,Active,Elite,138110.06,141397.08,1.0238,Y,14139.71,14139.71,2024-05
EMP1391,Matthew Petty,Specialty,Northeast,2024-05-15,Active,Premier,229778.83,188740.33,0.8214,Y,18874.03,18874.03,2024-03
EMP1392,Rachel Hutchinson,Commercial,Southeast,2018-10-10,Active,Elite,161936.95,124740.03,0.7703,Y,12474.0,12474.0,2024-01
EMP1393,Lisa Hernandez,Commercial,Midwest,2021-05-01,Active,Elite,130150.63,96363.53,0.7404,Y,9636.35,9636.35,2024-08
EMP1394,Jesse Davis,Commercial,Midwest,2021-08-25,Active,Premier,177177.65,218052.53,1.2307,Y,21805.25,21805.25,2024-12
EMP1395,Sheryl Tran,Specialty,Central,2022-06-15,Active,Standard,148447.08,134403.99,0.9054,Y,13440.4,13440.4,2024-06
EMP1396,Nicholas Hansen,PBM,Central,2019-07-02,Active,Standard,264134.87,184788.76,0.6996,Y,0.0,0.0,2024-01
EMP1397,Julie Morgan,Commercial,Southeast,2019-03-20,Active,Premier,219790.16,131676.28,0.5991,Y,0.0,218.24,2024-05
EMP1398,Debbie Bailey,Medicaid,West,2019-09-10,Active,Elite,276788.22,304245.61,1.0992,Y,30424.56,30424.56,2024-10
EMP1399,John Hansen,Commercial,Northeast,2018-11-25,Active,Standard,292281.87,346558.61,1.1857,Y,34655.86,34655.86,2024-07
EMP1400,Jessica Wilson,Medicaid,Midwest,2019-01-29,Active,Premier,292770.44,306179.33,1.0458,Y,30617.93,30617.93,2024-11
EMP1401,David Robbins,Medicaid,Southeast,2021-09-06,Active,Standard,287461.09,307640.86,1.0702,Y,30764.09,30764.09,2024-10
EMP1402,William Yoder,Commercial,West,2026-04-09,Active,Premier,146471.92,134241.51,0.9165,Y,13424.15,13424.15,2024-07
EMP1403,Jeremy Herring,PBM,Northeast,2019-02-09,Active,Elite,264663.25,251218.36,0.9492,Y,25121.84,25121.84,2024-01
EMP1404,Randy Gonzalez,Commercial,Midwest,2020-04-26,Active,Standard,140826.31,107042.08,0.7601,Y,10704.21,10704.21,2024-11
EMP1405,Kelly Hunt,Commercial,Southeast,2020-11-13,Active,Elite,257194.56,293690.47,1.1419,Y,29369.05,29369.05,2024-03
EMP1406,Jeffrey Bridges,Commercial,Southeast,2020-10-21,Active,Standard,137073.78,114442.9,0.8349,Y,11444.29,11444.29,2024-12
EMP1407,Robert Mitchell,Medicare,Central,2025-12-20,Active,Elite,236941.24,248575.05,1.0491,Y,24857.51,24857.51,2024-12
EMP1408,Ian Smith,Specialty,Midwest,2025-06-21,Active,Premier,272828.85,175947.33,0.6449,Y,0.0,108.45,2024-09
EMP1409,David Murphy,PBM,Southeast,2019-03-29,Active,Premier,129132.14,154584.08,1.1971,Y,15458.41,15458.41,2024-11
EMP1410,Becky Mcbride,Commercial,Midwest,2026-04-06,Active,Elite,183518.04,218955.37,1.1931,Y,21895.54,21895.54,2024-05
EMP1411,Christina Collins,PBM,Northeast,2020-06-26,Active,Standard,163967.23,121122.59,0.7387,Y,12112.26,11677.71,2024-08
EMP1412,William Weiss,Medicaid,Midwest,2022-01-02,Active,Elite,111509.31,132684.93,1.1899,Y,13268.49,13268.49,2024-07
EMP1413,John Rodriguez,Medicare,West,2022-11-01,Active,Elite,92762.99,79924.59,0.8616,Y,7992.46,7992.46,2024-06
EMP1414,Vanessa Ross,Medicaid,Central,2024-04-10,Active,Premier,108469.31,91873.51,0.847,Y,9187.35,9187.35,2024-03
EMP1415,Stacy Melton,Specialty,West,2023-08-28,Inactive,Standard,162082.31,82872.69,0.5113,N,0.0,0.0,2024-07
EMP1416,Justin Thornton,PBM,Southeast,2021-02-03,Inactive,Elite,129778.46,155941.8,1.2016,N,0.0,0.0,2024-01
EMP1417,Dean Hughes,Medicare,West,2023-07-10,Active,Elite,0.0,0.0,0.0,Y,0.0,476.86,2024-09
EMP1418,Joseph Jones,PBM,Central,2020-10-13,Active,Premier,109433.67,141924.53,1.2969,Y,14192.45,14192.45,2024-09
EMP1419,Carolyn Smith,Medicaid,Southeast,2018-06-01,Active,Standard,108865.27,118369.21,1.0873,Y,11836.92,11836.92,2024-07
EMP1420,Cody Mendez,Medicaid,Northeast,2024-01-31,Active,Elite,0.0,0.0,0.0,Y,0.0,0.0,2024-06
EMP1421,Jesse Johnson,Commercial,Central,2023-10-14,Active,Standard,0.0,0.0,0.0,Y,0.0,0.0,2024-10
EMP1422,Rebecca Griffith,Medicare,Northeast,2025-01-11,Active,Standard,200402.12,176253.66,0.8795,Y,17625.37,17625.37,2024-12
EMP1423,Jordan Garza,Medicare,Midwest,2025-07-15,Inactive,Elite,217015.51,230166.65,1.0606,N,0.0,0.0,2024-07
EMP1424,Monica Yoder,Medicare,Central,2020-05-02,Inactive,Elite,103378.02,68115.78,0.6589,N,0.0,0.0,2024-12
EMP1425,Brenda Avila MD,Commercial,Central,2023-08-29,Active,Premier,88669.26,79545.19,0.8971,Y,7954.52,7954.52,2024-04
EMP1426,Thomas Ferguson,Specialty,Midwest,2021-10-13,Inactive,Standard,104294.8,100050.0,0.9593,N,0.0,0.0,2024-04
EMP1427,Herbert Mitchell,Medicare,Central,2025-05-12,Active,Elite,221754.09,191905.99,0.8654,Y,19190.6,19190.6,2024-02
EMP1428,Emily Nelson,Commercial,West,2025-01-22,Active,Standard,267494.71,210839.33,0.7882,Y,21083.93,21083.93,2024-01
EMP1429,Priscilla Williams,Specialty,Northeast,2025-11-22,Inactive,Standard,222383.7,169656.52,0.7629,N,0.0,0.0,2024-02
EMP1430,Travis Townsend,PBM,Midwest,2021-11-17,Active,Standard,105043.04,86156.3,0.8202,Y,8615.63,8615.63,2024-12
EMP1431,Kara Hester,Specialty,West,2018-06-06,Active,Elite,109152.55,118004.82,1.0811,Y,11800.48,11800.48,2024-07
EMP1432,Karen Martinez,Medicaid,Northeast,2025-06-22,Active,Elite,176395.82,174473.11,0.9891,Y,17447.31,17447.31,2024-07
EMP1433,Laurie Coffey,PBM,Northeast,2022-08-16,Active,Elite,282487.56,166752.41,0.5903,Y,0.0,0.0,2024-11
EMP1434,William Lopez,Medicare,Northeast,2020-06-03,Active,Elite,229144.36,255266.82,1.114,Y,25526.68,25526.68,2024-05
EMP1435,Kathryn Martinez,PBM,Southeast,2022-07-15,Active,Premier,216012.58,182811.45,0.8463,Y,18281.15,18281.15,2024-11
EMP1436,Larry Brown,Specialty,Midwest,2022-07-19,Active,Elite,261816.32,317740.29,1.2136,Y,31774.03,31774.03,2024-11
EMP1437,Robert Ortiz,Medicare,Southeast,2019-04-05,Active,Premier,96470.35,86176.96,0.8933,Y,8617.7,8617.7,2024-09
EMP1438,Brenda Delgado,Commercial,Northeast,2024-09-30,Active,Standard,259762.73,146272.39,0.5631,Y,0.0,0.0,2024-09
EMP1439,Tiffany Blanchard,PBM,West,2025-06-04,Active,Premier,189422.14,193722.02,1.0227,Y,19372.2,19372.2,2024-02
EMP1440,Benjamin Cooper,Specialty,Northeast,2021-12-27,Inactive,Elite,212924.72,211923.97,0.9953,N,0.0,0.0,2024-09
EMP1441,April Williams,PBM,Central,2019-08-08,Active,Elite,159935.35,86908.87,0.5434,Y,0.0,0.0,2024-04
EMP1442,Joan Jackson,Specialty,Midwest,2022-12-28,Active,Elite,159924.8,137855.18,0.862,Y,13785.52,13438.67,2024-09
EMP1443,Rodney Ryan,Commercial,Midwest,2019-08-07,Active,Premier,103390.89,125878.41,1.2175,Y,12587.84,12587.84,2024-11
EMP1444,Jonathan Green,Specialty,Northeast,2024-10-16,Active,Elite,267482.76,179882.16,0.6725,Y,0.0,0.0,2024-05
EMP1445,Edward Garcia,Medicaid,Midwest,2026-01-02,Inactive,Premier,227871.19,136403.69,0.5986,N,0.0,0.0,2024-02
EMP1446,Margaret Thompson,Specialty,Central,2020-09-20,Active,Standard,0.0,0.0,0.0,Y,0.0,0.0,2024-09
EMP1447,Christopher Douglas,PBM,West,2023-08-19,Active,Premier,280239.93,295232.77,1.0535,Y,29523.28,29523.28,2024-10
EMP1448,Caitlin Miller,Medicaid,Northeast,2025-05-26,Active,Elite,190904.23,154193.35,0.8077,Y,15419.34,15419.34,2024-07
EMP1449,Neil Flores,Medicaid,Midwest,2024-03-01,Active,Premier,109341.8,90775.56,0.8302,Y,9077.56,9077.56,2024-07
EMP1450,Holly Hampton,PBM,Midwest,2023-11-18,Active,Elite,285812.66,287556.12,1.0061,Y,28755.61,28755.61,2024-12
EMP1451,Joe Sanchez,PBM,Midwest,2018-08-09,Active,Premier,236287.22,302471.27,1.2801,Y,30247.13,30247.13,2024-11
EMP1452,Kathryn Jackson,PBM,Midwest,2018-10-24,Active,Standard,208217.38,261125.42,1.2541,Y,26112.54,26112.54,2024-12
EMP1453,Ronald Reyes,PBM,Midwest,2021-09-14,Active,Standard,0.0,0.0,0.0,Y,0.0,0.0,2024-07
EMP1454,Dana Jones,Medicare,Southeast,2021-02-18,Active,Standard,112214.25,61672.95,0.5496,Y,0.0,0.0,2024-05
EMP1455,Mark Brandt,Medicaid,Central,2025-07-13,Active,Premier,270967.78,295788.43,1.0916,Y,29578.84,29578.84,2024-01
EMP1456,Barbara Nelson,PBM,West,2020-07-22,Active,Elite,143280.5,147808.16,1.0316,Y,14780.82,14780.82,2024-04
EMP1457,Eric Meadows,Specialty,West,2018-04-27,Active,Premier,0.0,0.0,0.0,Y,0.0,0.0,2024-11
EMP1458,Melinda Franco,Medicaid,Central,2022-12-09,Active,Standard,222479.12,245639.2,1.1041,Y,24563.92,24563.92,2024-08
EMP1459,Jessica Rose,PBM,Southeast,2021-09-19,Active,Standard,230184.95,149528.14,0.6496,Y,0.0,0.0,2024-12
EMP1460,Natalie Lucas,PBM,Northeast,2019-07-11,Active,Standard,108614.64,105052.08,0.9672,Y,10505.21,10505.21,2024-07
EMP1461,Darlene Bennett,Commercial,West,2025-11-19,Inactive,Standard,211313.67,236438.87,1.1189,N,0.0,0.0,2024-12
EMP1462,Dawn Patrick,Commercial,West,2026-03-20,Active,Elite,149928.98,101351.99,0.676,Y,0.0,0.0,2024-10
EMP1463,Elizabeth Edwards,Medicare,Central,2018-09-14,Active,Premier,156868.65,189293.4,1.2067,Y,18929.34,18929.34,2024-03
EMP1464,Christopher Smith,Commercial,Midwest,2022-03-16,Active,Standard,184468.58,175079.13,0.9491,Y,17507.91,17507.91,2024-05
EMP1465,Stacey Lewis,Medicare,Northeast,2019-07-17,Active,Premier,215014.24,214347.7,0.9969,Y,21434.77,21434.77,2024-11
EMP1466,Amanda Morrow,Commercial,West,2023-12-31,Active,Premier,85435.26,78045.11,0.9135,Y,7804.51,7804.51,2024-02
EMP1467,Brittany Cooper,PBM,Central,2026-01-26,Inactive,Premier,122352.73,111475.57,0.9111,N,0.0,0.0,2024-08
EMP1468,David Butler,Medicaid,Central,2025-12-21,Active,Standard,218493.19,146499.68,0.6705,Y,0.0,0.0,2024-09
EMP1469,Tracey Miles,Medicare,Southeast,2019-01-03,Active,Elite,175752.31,202712.71,1.1534,Y,20271.27,19912.24,2024-09
EMP1470,Courtney Jones,Specialty,Midwest,2021-01-15,Inactive,Standard,135419.76,75347.55,0.5564,N,0.0,0.0,2024-01
EMP1471,Sharon Bailey,Commercial,West,2020-05-31,Active,Premier,83716.01,86947.45,1.0386,Y,8694.75,8694.75,2024-07
EMP1472,Sharon Lewis,PBM,Northeast,2022-03-19,Inactive,Elite,158694.03,143189.62,0.9023,N,0.0,0.0,2024-12
EMP1473,Jennifer Murphy,Commercial,Central,2020-04-01,Active,Premier,166924.92,171698.97,1.0286,Y,17169.9,17169.9,2024-02
EMP1474,Victoria Mercer,PBM,Southeast,2020-10-09,Active,Elite,200059.38,253695.3,1.2681,Y,25369.53,25369.53,2024-03
EMP1475,Kyle Jenkins,Commercial,Northeast,2021-08-15,Inactive,Elite,0.0,0.0,0.0,N,0.0,0.0,2024-09
EMP1476,Michael Garner,Specialty,Central,2020-09-17,Active,Standard,278780.2,216082.53,0.7751,Y,21608.25,21608.25,2024-09
EMP1477,Gregory Richardson,PBM,Southeast,2019-09-04,Active,Standard,122751.77,79187.17,0.6451,Y,0.0,0.0,2024-03
EMP1478,Joseph Santiago,Medicare,Central,2019-01-18,Active,Elite,94819.81,54862.74,0.5786,Y,0.0,0.0,2024-08
EMP1479,Adam Walker,Specialty,Midwest,2021-04-10,Active,Standard,142730.17,79329.43,0.5558,Y,0.0,0.0,2024-06
EMP1480,Jason Hernandez Jr.,Specialty,West,2025-07-14,Active,Elite,113526.89,108247.89,0.9535,Y,10824.79,10824.79,2024-06
EMP1481,Michele Gilbert,Specialty,Southeast,2025-09-06,Active,Premier,242759.57,206078.6,0.8489,Y,20607.86,20607.86,2024-01
EMP1482,Robert Kelley,Medicaid,Midwest,2022-04-21,Active,Premier,187133.7,109866.2,0.5871,Y,0.0,0.0,2024-08
EMP1483,Barbara Gaines,Medicare,Midwest,2021-10-03,Active,Elite,217856.15,235698.57,1.0819,Y,23569.86,23569.86,2024-03
EMP1484,William Silva,PBM,Northeast,2021-08-04,Active,Elite,279386.79,262986.79,0.9413,Y,26298.68,26298.68,2024-10
EMP1485,Nicole Johnson,PBM,West,2023-11-29,Active,Standard,249871.87,271510.77,1.0866,Y,27151.08,27151.08,2024-11
EMP1486,Eric Bryant,Specialty,Central,2023-05-23,Active,Standard,225789.27,266070.08,1.1784,Y,26607.01,26607.01,2024-09
EMP1487,Blake Rose,PBM,Southeast,2019-07-09,Active,Standard,288716.6,296656.31,1.0275,Y,29665.63,29665.63,2024-09
EMP1488,Traci Gomez,Specialty,Midwest,2020-09-09,Active,Standard,138158.57,94942.57,0.6872,Y,0.0,0.0,2024-01
EMP1489,Cathy Anderson,PBM,Midwest,2022-06-28,Active,Premier,88779.03,90448.08,1.0188,Y,9044.81,9044.81,2024-07
EMP1490,Elizabeth Bryant,PBM,Midwest,2022-08-18,Active,Premier,162865.11,130748.11,0.8028,Y,13074.81,13074.81,2024-12
EMP1491,Michael Mercer,Medicare,Central,2022-03-04,Active,Premier,169285.28,195321.36,1.1538,Y,19532.14,19532.14,2024-05
EMP1492,Teresa Browning,Specialty,Central,2020-09-07,Active,Elite,130597.97,119053.11,0.9116,Y,11905.31,11905.31,2024-01
EMP1493,Michael Harmon,Medicaid,Southeast,2025-11-12,Active,Premier,225444.12,187501.87,0.8317,Y,18750.19,18750.19,2024-03
EMP1494,Yvette Matthews,Medicare,West,2023-06-19,Active,Premier,222397.03,184300.42,0.8287,Y,18430.04,18430.04,2024-11
EMP1495,Michael Sharp,Medicaid,Central,2023-07-03,Inactive,Standard,275975.49,170414.87,0.6175,N,0.0,0.0,2024-10
EMP1496,Kelly Lee,Medicaid,Central,2024-04-29,Active,Elite,273271.98,295789.59,1.0824,Y,29578.96,29578.96,2024-07
EMP1497,Sarah Potts,Medicare,Southeast,2022-09-28,Active,Elite,117524.69,136834.0,1.1643,Y,13683.4,13683.4,2024-08
EMP1498,Katherine Black,PBM,Southeast,2021-02-25,Active,Elite,230830.06,285744.53,1.2379,Y,28574.45,28574.45,2024-10
EMP1499,Brian Murray,Medicare,Southeast,2024-03-20,Inactive,Premier,0.0,0.0,0.0,N,0.0,0.0,2024-07
